{"RuleTriggered": 12, "Violations": 12, "Details": {"algo-1": {"cpu": {"p25": 12.75, "p50": 13.27875, "p75": 14.299999999999999, "p95": 42.55375, "upper": 16.624999999999996, "lower": 10.425}, "gpu0": {"p25": 0.0, "p50": 0.0, "p75": 0.0, "p95": 16.0, "upper": 0.0, "lower": 0.0}, "gpu0_memory": {"p25": 0.0, "p50": 0.0, "p75": 0.0, "p95": 0.0, "upper": 0.0, "lower": 0.0}}, "last_timestamp": 1706627520000000}, "Datapoints": 2385, "RuleParameters": "cpu_threshold_p95:70\ngpu_threshold_p95:70\ngpu_memory_threshold_p95:70\npatience:1000\nwindow:500"}