{"RuleTriggered": 1, "Violations": 2, "Details": {"pin_memory": false, "num_workers": 0, "cores": 8, "dataloaders": 1, "dataloading_time": {"p25": 4.5732265000000005, "p50": 4.59008, "p95": 4.77973225, "probs": [1, 0, 0, 0, 0, 0, 0, 0, 0, 0, 0, 0, 0, 0, 0, 0, 0, 0, 0, 0, 0, 0, 0, 0, 0, 0, 0, 0, 0, 0, 0, 0, 0, 0, 0, 0, 0, 0, 0, 0, 0, 0, 0, 0, 0, 0, 0, 0, 0, 0, 0, 0, 0, 0, 0, 0, 0, 0, 0, 0, 0, 0, 0, 0, 0, 0, 0, 0, 0, 0, 0, 0, 0, 0, 0, 0, 0, 0, 0, 0, 0, 0, 0, 0, 0, 0, 0, 0, 0, 2, 4, 0, 0, 0, 0, 0, 1, 1, 2, 1], "binedges": [2.456562, 2.48001153, 2.50346106, 2.52691059, 2.55036012, 2.57380965, 2.59725918, 2.6207087099999997, 2.64415824, 2.66760777, 2.6910572999999998, 2.71450683, 2.73795636, 2.76140589, 2.78485542, 2.80830495, 2.83175448, 2.85520401, 2.87865354, 2.90210307, 2.9255526, 2.94900213, 2.97245166, 2.99590119, 3.0193507200000003, 3.04280025, 3.06624978, 3.08969931, 3.11314884, 3.1365983699999997, 3.1600479, 3.18349743, 3.20694696, 3.23039649, 3.25384602, 3.27729555, 3.30074508, 3.32419461, 3.34764414, 3.37109367, 3.3945432, 3.41799273, 3.44144226, 3.4648917900000002, 3.48834132, 3.51179085, 3.5352403800000003, 3.55868991, 3.58213944, 3.6055889700000003, 3.6290385, 3.6524880299999998, 3.6759375600000004, 3.69938709, 3.72283662, 3.74628615, 3.76973568, 3.79318521, 3.81663474, 3.84008427, 3.8635338, 3.88698333, 3.9104328600000002, 3.93388239, 3.95733192, 3.9807814500000003, 4.00423098, 4.02768051, 4.05113004, 4.07457957, 4.0980291, 4.12147863, 4.14492816, 4.16837769, 4.19182722, 4.21527675, 4.23872628, 4.2621758100000005, 4.28562534, 4.30907487, 4.3325244000000005, 4.35597393, 4.37942346, 4.4028729900000005, 4.42632252, 4.44977205, 4.473221580000001, 4.49667111, 4.52012064, 4.543570170000001, 4.5670197, 4.59046923, 4.613918760000001, 4.63736829, 4.66081782, 4.684267350000001, 4.70771688, 4.73116641, 4.754615940000001, 4.77806547, 4.801515]}}, "Datapoints": 12, "RuleParameters": "min_threshold:70\nmax_threshold:200"}