{"RuleTriggered": 0, "Violations": 24, "Details": {"low_gpu_utilization": 2238, "bottlenecks": {"1706627527.500509": {"GPUs": 1, "CPUs": 1}, "1706627528.500397": {"GPUs": 1, "CPUs": 1}, "1706627529.000394": {"GPUs": 1, "CPUs": 3}, "1706627529.500505": {"GPUs": 1, "CPUs": 1}, "1706627531.000987": {"GPUs": 1, "CPUs": 1}, "1706627532.501197": {"GPUs": 1, "CPUs": 1}, "1706627533.00034": {"GPUs": 1, "CPUs": 2}, "1706627548.500391": {"GPUs": 1, "CPUs": 1}, "1706627564.500714": {"GPUs": 1, "CPUs": 1}, "1706627589.500743": {"GPUs": 1, "CPUs": 1}, "1706627602.500486": {"GPUs": 1, "CPUs": 1}, "1706627607.001135": {"GPUs": 1, "CPUs": 1}, "1706627817.000494": {"GPUs": 1, "CPUs": 1}, "1706627817.500378": {"GPUs": 1, "CPUs": 1}, "1706627818.000903": {"GPUs": 1, "CPUs": 1}, "1706627819.000906": {"GPUs": 1, "CPUs": 1}, "1706627822.000855": {"GPUs": 1, "CPUs": 1}, "1706627831.000525": {"GPUs": 1, "CPUs": 1}, "1706627838.000996": {"GPUs": 1, "CPUs": 1}, "1706627838.50114": {"GPUs": 1, "CPUs": 1}, "1706627870.500845": {"GPUs": 1, "CPUs": 1}, "1706627872.50088": {"GPUs": 1, "CPUs": 1}, "1706627874.500499": {"GPUs": 1, "CPUs": 1}, "1706628716.000914": {"GPUs": 1, "CPUs": 1}}}, "Datapoints": 2387, "RuleParameters": "threshold:50\nio_threshold:50\ngpu_threshold:10\npatience:1000"}