{"RuleTriggered": 0, "Violations": 0, "Details": {"ratio": {"gpu_functions-dev:0": 50.39965813478449, "cpu_functions": 49.60034186521551}, "phase": {"Step:ModeKeys.TRAIN": 114.63622580034063, "others": -15.242834383293744, "Step:ModeKeys.EVAL": 0.6066085829531201}, "phase_time": {}, "CPU": {"aten::to": 5.382046145698525, "aten::copy_": 4.15773372705686, "aten::item": 3.814285399866836, "enumerate(DataLoader)#_SingleProcessDataLoaderIter.__next__": 76.58608721081139, "aten::lt": 4.928740567894285, "aten::eq": 5.131106948672122}, "CPU_total": {"aten::to": 3922339, "aten::copy_": 3030082, "aten::item": 2779783, "enumerate(DataLoader)#_SingleProcessDataLoaderIter.__next__": 55814571, "aten::lt": 3591978, "aten::eq": 3739459}, "GPU": {"aten::conv2d": 2.885021725133837, "aten::convolution": 2.8790613431509895, "aten::_convolution": 2.873801535296588, "aten::cudnn_convolution": 2.8665671598724836, "aten::to": 4.4744899319061515, "aten::copy_": 3.449816518046325, "aten::item": 3.3815857330340635, "enumerate(DataLoader)#_SingleProcessDataLoaderIter.__next__": 68.24163229614943, "aten::lt": 4.383075400604915, "aten::eq": 4.564948356805217}, "GPU_total": {"aten::conv2d": 2359661, "aten::convolution": 2354786, "aten::_convolution": 2350484, "aten::cudnn_convolution": 2344567, "aten::to": 3659688, "aten::copy_": 2821607, "aten::item": 2765801, "enumerate(DataLoader)#_SingleProcessDataLoaderIter.__next__": 55814872, "aten::lt": 3584920, "aten::eq": 3733674}, "general": {"DataLoaderIterInitialize": 8.99547872754908e-05, "DataLoaderIter": 4.548095155837551, "Forward": 95.45181488937517}}, "Datapoints": 0, "RuleParameters": ""}